method,id,project,package,class,isFeatureEnvy,isLongMethod,isLongParametersList,isSwitchStatement,github_url,github_raw_url
transform(Mesh),156976,aoi-2.8.1,artofillusion.animation.distortion,BendDistortion,0,1,0,0,,
"interpOneAxis(MeshVertex[][],float[],double[][][],boolean,double)",158055,aoi-2.8.1,artofillusion.object,SplineMesh,0,1,0,0,,
"doSubdivide(TriangleMesh,Vertex[],Edge[],Face[],boolean[],Vertex[],Edge[],Face[],double[][][],double[][][],int[])",157307,aoi-2.8.1,artofillusion.object,TriangleMesh,0,1,0,0,,
"createFinalImage(Vec3,Vec3,Vec3,Vec3)",162348,aoi-2.8.1,artofillusion.raster,Raster,1,1,0,0,,
"renderTriangleGouraud(Vec2,float,double,double,RGBColor,RGBColor,Vec2,float,double,double,RGBColor,RGBColor,Vec2,float,double,double,RGBColor,RGBColor,RenderingTriangle,double,double,boolean,ObjectMaterialInfo,RasterContext)",162358,aoi-2.8.1,artofillusion.raster,Raster,1,1,0,0,,
"renderTriangleHybrid(Vec2,float,Vec3,Vec3,double,double,RGBColor,Vec2,float,Vec3,Vec3,double,double,RGBColor,Vec2,float,Vec3,Vec3,double,double,RGBColor,RenderingTriangle,Vec3,Vec3,double,double,boolean,ObjectMaterialInfo,RasterContext)",162360,aoi-2.8.1,artofillusion.raster,Raster,1,1,0,0,,
"renderTrianglePhong(Vec2,float,Vec3,Vec3,double,double,Vec2,float,Vec3,Vec3,double,double,Vec2,float,Vec3,Vec3,double,double,RenderingTriangle,Vec3,Vec3,double,boolean,boolean,ObjectMaterialInfo,RasterContext)",162362,aoi-2.8.1,artofillusion.raster,Raster,1,1,0,0,,
"propagateRay(Ray,OctreeNode,RTObject,double,MaterialMapping,MaterialMapping,Mat4,Mat4,RGBColor,int,double,boolean,boolean)",160975,aoi-2.8.1,artofillusion.raytracer,PhotonMap,1,1,0,0,,
"propagateRay(Ray,OctreeNode,double,MaterialMapping,MaterialMapping,Mat4,Mat4,RGBColor,RGBColor,int,double)",161061,aoi-2.8.1,artofillusion.raytracer,Raytracer,1,0,0,0,,
"traceLightRay(Ray,Light,int,OctreeNode,OctreeNode,double,double,MaterialMapping,MaterialMapping,Mat4,Mat4)",161060,aoi-2.8.1,artofillusion.raytracer,Raytracer,1,1,0,0,,
"writeScene(Scene,PrintWriter,boolean,double,boolean,boolean,TextureImageExporter,String)",161126,aoi-2.8.1,artofillusion.translators,OBJExporter,1,0,0,0,,
"renderFlatTriangle(Vec2,double,Vec2,double,Vec2,double,int,int,double,int,RGBColor)",160605,aoi-2.8.1,artofillusion.view,SoftwareCanvasDrawer,0,1,0,0,,
"renderSmoothTriangle(Vec2,double,Vec2,double,Vec2,double,int,int,double,RGBColor,RGBColor,RGBColor)",160606,aoi-2.8.1,artofillusion.view,SoftwareCanvasDrawer,1,1,0,0,,
"fireEvent(Object,Object,Object,int,String,EReference)",370511,argouml-0.34,org.argouml.model.euml,ModelEventPumpEUMLImpl,0,1,0,0,,
"invokeFeature(Map,Object,String,String,Object[])",374650,argouml-0.34,org.argouml.profile.internal.ocl.uml14,CollectionsModelInterpreter,0,1,0,0,,
supportsOperator(ComparisonOperator),28430,axion-1.0-M2,org.axiondb.engine,BaseArrayIndex,1,0,0,0,,
"processFromTree(FromNode,Database)",30537,axion-1.0-M2,org.axiondb.engine.commands,SelectCommand,1,1,0,0,,
SqlTableList(FromNode),29067,axion-1.0-M2,org.axiondb.parser,AxionSqlParser,1,0,0,0,,
appendJoin(JDBCQueryExpression.Join),251223,castor-1.3.1,org.castor.cpa.persistence.sql.driver,InterbaseQueryExpression,1,0,0,0,,
"load(Identity,ProposedEntity,AccessMode,QueryResults)",250259,castor-1.3.1,org.castor.persist,AbstractTransactionContext,1,0,0,0,,
PartialTerminationDescriptor(),249871,castor-1.3.1,org.castor.xmlctf.bestpractise.genpackage.descriptors,PartialTerminationDescriptor,1,0,0,0,,
"marshal(Object,XMLFieldDescriptor,ContentHandler,Marshaller.MarshalState)",252948,castor-1.3.1,org.exolab.castor.xml,Marshaller,1,1,0,0,,
"forEachIndexFromToInState(int,int,boolean,IntProcedure)",67233,colt-1.2.0,cern.colt.bitvector,BitVector,0,1,0,0,,
hqr2(),66698,colt-1.2.0,cern.colt.matrix.linalg,EigenvalueDecomposition,0,1,0,0,,
"convertAndSaveMessage(String,String,IWorkerStatusController,IMailbox)",144555,columba-1.0,org.columba.mail,EudoraMailImportFilter,1,1,0,0,,
synchronizeHeaderlist(),145509,columba-1.0,org.columba.mail.folder.imap,IMAPFolder,0,1,0,0,,
ensureAuthenticated(),143757,columba-1.0,org.columba.mail.smtp,SMTPServer,1,1,0,0,,
"abbreviateHtmlString(String,int,boolean)",9169,displaytag-1.2,org.displaytag.util,HtmlTagUtil,0,1,0,0,,
getSoundDefinition(InputStream),45800,drawswf-1.2.9,com.anotherbigidea.flash.sound,MP3Helper,1,0,0,0,,
"setColoring(int,Graphics)",217461,drjava-stable-20100913-r5387,edu.rice.cs.drjava.model.repl,InteractionsDJDocument,1,0,0,0,,
"show(Component,String,String,int,SizedIterable,SizedIterable,int,Runnable,SizedIterable)",218980,drjava-stable-20100913-r5387,edu.rice.cs.drjava.ui,AutoCompletePopup,0,1,0,0,,
mergeload(File),24131,emma-2.0.5312,com.vladium.emma.data,DataFactory,0,1,0,0,,
"clinitHeader(InstrVisitor,int)",24687,emma-2.0.5312,com.vladium.emma.instr,InstrVisitor.clinitHeader,1,0,0,0,,
"initialize(IMetaData,ICoverageData,SourcePathCache,IProperties)",25184,emma-2.0.5312,com.vladium.emma.report,AbstractReportGenerator,1,1,0,0,,
"embedSrcFile(SrcFileItem,HTMLDocument,IntObjectMap,SourcePathCache)",24802,emma-2.0.5312,com.vladium.emma.report.html,ReportGenerator,1,1,0,0,,
parse(String[]),23944,emma-2.0.5312,com.vladium.util.args,OptsParser,0,1,0,0,,
"encodeBegin(FacesContext,UIComponent)",261963,exoportal-v1.0.2,org.exoplatform.faces.core.renderer.html,StringInputRenderer,1,0,0,0,,
findUsers(Query),262361,exoportal-v1.0.2,org.exoplatform.services.organization.ldap,UserHandler,1,1,0,0,,
"process(ServletContext,HttpServletRequest,HttpServletResponse,Input,Output,PortletWindowInternal,boolean)",264266,exoportal-v1.0.2,org.exoplatform.services.portletcontainer.impl,PortletApplicationHandler,1,0,0,0,,
"meetInto(IsNullValueFrame,Edge,IsNullValueFrame,boolean)",244299,findbugs-1.3.9,edu.umd.cs.findbugs.ba.npe,IsNullValueAnalysis,1,1,0,0,,
parse(ClassNameAndSuperclassInfo.Builder),239237,findbugs-1.3.9,edu.umd.cs.findbugs.classfile.engine,ClassParserUsingASM,0,1,0,0,,
"analyzeMethod(ClassContext,Method,StreamResourceTracker,ResourceCollection)",246997,findbugs-1.3.9,edu.umd.cs.findbugs.detect,FindOpenStream,1,1,0,0,,
Result(),306,fitjava-1.1,fat,ReferenceFixture,1,0,0,0,,
"parseTable(Table,TestResults)",61350,fitlibraryforfitnesse-20100806,fitlibraryGeneric.list,ListParser2,1,0,0,0,,
"TilePopup(Tile,FreeColClient,Canvas,GUI)",208948,freecol-0.10.3,net.sf.freecol.client.gui,TilePopup,1,1,0,0,,
"resolveAttack(Unit,Unit,boolean,float,List)",212455,freecol-0.10.3,net.sf.freecol.common.model,SimpleCombatModel,1,0,0,0,,
logoutUser(User),16181,freecs-1.3.20100406,freecs.auth.sqlConnectionPool,PoolElement,1,1,0,0,,
"readColumns(User,ResultSet)",16179,freecs-1.3.20100406,freecs.auth.sqlConnectionPool,PoolElement,1,1,0,0,,
"execute(MessageState,String)",16324,freecs-1.3.20100406,freecs.commands,CmdKickToRoom,1,1,0,0,,
"encode(String,StringBuffer,boolean,Set)",16821,freecs-1.3.20100406,freecs.util,HtmlEncoder,0,1,0,0,,
"OptionalDontShowMeAgainDialog(Component, TextTranslator, int, String, JFrame, String, DontShowPropertyHandler)",5,freemind-0.9.0,freemind.common,OptionalDontShowMeAgainDialog,0,0,1,0,,
"afterMapModuleChange(MapModule, Mode, MapModule, Mode)",147,freemind-0.9.0,freemind.controller,MapModuleManager.MapModuleChangeObserverCompound,0,0,1,0,,
itemStateChanged(ItemEvent),170,freemind-0.9.0,freemind.controller.filter,FilterComposerDialog.SelectedAttributeChangeListener,0,0,0,1,,
"addClassesFromDir(Vector, File, File, int)",20,freemind-0.9.0,freemind.extensions,ImportWizard,0,0,0,1,,
setScreenBounds(),4,freemind-0.9.0,freemind.main,FreeMind,0,0,0,1,,
removeInvalidXmlCharacters(String),14,freemind-0.9.0,freemind.main,HtmlTools,0,0,0,1,,
unescapeHTMLUnicodeEntity(String),13,freemind-0.9.0,freemind.main,HtmlTools,0,0,0,1,,
scanElement(XMLElement),15,freemind-0.9.0,freemind.main,XMLElement,0,0,0,1,,
"loadPattern(XMLElement,List)",3,freemind-0.9.0,freemind.modes,StylePattern,0,0,0,1,,
setImageByFileChooser(),1,freemind-0.9.0,freemind.modes.mindmapmode,MindMapController,0,0,0,0,,
"importExplorerFavorites(File, MindMapNode, boolean)",16,freemind-0.9.0,freemind.modes.mindmapmode.actions,ImportExplorerFavoritesAction,0,0,0,1,,
"addNew(MindMapNode,int,KeyEvent)",99,freemind-0.9.0,freemind.modes.mindmapmode.actions,NewChildAction,0,0,0,1,,
"pasteStringWithoutRedisplay(Transferable, MindMapNode, boolean, boolean)",18,freemind-0.9.0,freemind.modes.mindmapmode.actions,PasteAction,0,0,0,1,,
"getTreeCellRendererComponent(JTree, boolean, Object, boolean, int, boolean, boolean)",1,freemind-0.9.0,freemind.modes.mindmapmode.attributeactors,ImportAttributesDialog.MyRenderer,0,0,1,0,,
drop(DropTargetDropEvent),118589,freemind-0.9.0,freemind.modes.mindmapmode.listeners,MindMapNodeDropListener,1,0,0,1,,
mouseDragged(MouseEvent e),36,freemind-0.9.0,freemind.modes.mindmapmode.listeners,MindMapNodeMotionListener,0,0,0,1,,
"paintClouds(double, double, double, double, double, Graphics2D, Graphics2D)",2,freemind-0.9.0,freemind.view.mindmapview,CloudView,0,0,1,0,,
treeNodesRemoved(TreeModelEvent),21,freemind-0.9.0,freemind.view.mindmapview,NodeView,0,0,0,1,,
updateText(),126,freemind-0.9.0,freemind.view.mindmapview,NodeView,0,0,0,1,,
"accumCubic(double[], double, double, double, double, double, double, double, double, double)",4,freemind-0.9.0,freemind.view.mindmapview,PathBBox,0,0,1,0,,
"accumQuad(double[], double, double, double, double, double, double, double)",3,freemind-0.9.0,freemind.view.mindmapview,PathBBox,0,0,1,0,,
run(),79187,galleon-2.3.0,org.lnicholls.galleon.apps.email,org.lnicholls.galleon.apps.email.Email$3,1,1,0,1,,
getPhotoDescriptions(String),79297,galleon-2.3.0,org.lnicholls.galleon.apps.internetSlideshows,InternetSlideshows,0,1,0,0,,
"getTrafficResults(String,String,String,String,String)",82142,galleon-2.3.0,org.lnicholls.galleon.apps.traffic,Traffic,0,1,0,0,,
"savePersistentValue(String,String,Date,int)",81802,galleon-2.3.0,org.lnicholls.galleon.database,PersistentValueManager,0,1,0,0,,
"resolveService(JmDNS,String,String,ServiceInfo)",82787,galleon-2.3.0,org.lnicholls.galleon.server,TiVoListener,1,1,0,0,,
init(IContext),80319,galleon-2.3.0,org.lnicholls.galleon.widget,DefaultApplication,1,0,0,0,,
"startElement(String,String,String,Attributes)",115471,ganttproject-2.0.9,net.sourceforge.ganttproject,GanttOptions.GanttXMLOptionsParser,1,1,0,0,,
applyChanges(boolean),112030,ganttproject-2.0.9,net.sourceforge.ganttproject.gui.options,CSVSettingsPanel,1,0,0,0,,
"getProperty(Task,String)",113279,ganttproject-2.0.9,net.sourceforge.ganttproject.task,TaskProperties,0,1,0,0,,
"processTask(TaskManager,MPXCalendar,Task,DefaultMutableTreeNode)",111857,ganttproject-2.0.9,org.ganttproject.impex.msproject,GanttMPXJOpen,1,1,0,0,,
"handleJobAction(CrawlJobHandler,HttpServletRequest,HttpServletResponse,String,String,String)",107522,heritrix-1.14.4,org.archive.crawler.admin.ui,JobConfigureUtils,0,1,0,0,,
"processGeneralTag(CharSequence,CharSequence)",107206,heritrix-1.14.4,org.archive.extractor,RegexpHTMLLinkExtractor,0,1,0,0,,
"resolveUpdateExpressions(Table,RangeVariable[],int[],Expression[],RangeVariable[])",164874,hsqldb-2.0.0,org.hsqldb,ParserDML,1,1,0,0,,
"readExpression(HsqlArrayList,short[],int,int,boolean)",167094,hsqldb-2.0.0,org.hsqldb,ParserDQL,1,1,0,0,,
"getMethod(String,Routine,boolean[],boolean)",167202,hsqldb-2.0.0,org.hsqldb,Routine,1,0,0,0,,
"addAllSQL(OrderedHashSet,OrderedHashSet,HsqlArrayList,Iterator,OrderedHashSet)",165624,hsqldb-2.0.0,org.hsqldb,SchemaObjectSet,1,1,0,0,,
"performReferentialActions(Session,Table,RowSetNavigatorDataChange,Row,Object[],int[],HashSet)",166943,hsqldb-2.0.0,org.hsqldb,StatementDML,1,1,0,0,,
"displayResultSet(Statement,ResultSet,int[],String)",170625,hsqldb-2.0.0,org.hsqldb.cmdline,SqlFile,1,1,0,0,,
"findNode(Session,PersistentStore,Object[],int[],int,int,int,boolean)",169130,hsqldb-2.0.0,org.hsqldb.index,IndexAVL,1,1,0,0,,
"newResult(Session,DataInput,RowInputBinary,int)",163954,hsqldb-2.0.0,org.hsqldb.result,Result,1,1,0,0,,
"addOrRemoveMultiVal(long,long,Object,Object,boolean,boolean)",170844,hsqldb-2.0.0,org.hsqldb.store,BaseHashMap,0,1,0,0,,
getFont(ChainedProperties),130041,itext-5.0.3,com.itextpdf.text.html.simpleparser,FactoryProperties,1,0,0,0,,
"setFieldProperty(String,String,Object,int[])",133266,itext-5.0.3,com.itextpdf.text.pdf,AcroFields,1,1,0,0,,
"resolveWeakTypes(int,int,byte,byte,byte)",134660,itext-5.0.3,com.itextpdf.text.pdf,BidiOrder,0,1,0,0,,
"addImage(Image,float,float,float,float,float,float,boolean)",133047,itext-5.0.3,com.itextpdf.text.pdf,PdfContentByte,1,1,0,0,,
"writeLineToContent(PdfLine,PdfContentByte,PdfContentByte,Object[],float)",132567,itext-5.0.3,com.itextpdf.text.pdf,PdfDocument,1,1,0,0,,
"writeCells(int,int,float,float,PdfContentByte[])",134871,itext-5.0.3,com.itextpdf.text.pdf,PdfPRow,1,1,0,0,,
"createOutlineAction(PdfDictionary,HashMap,PdfWriter,boolean)",135010,itext-5.0.3,com.itextpdf.text.pdf,SimpleBookmark,1,1,0,0,,
"decode2D(byte[],byte[],int,int,long)",131521,itext-5.0.3,com.itextpdf.text.pdf.codec,TIFFFaxDecoder,0,1,0,0,,
"decodeT6(byte[],byte[],int,int,long)",131522,itext-5.0.3,com.itextpdf.text.pdf.codec,TIFFFaxDecoder,0,1,0,0,,
parse(InputStream),130012,itext-5.0.3,com.itextpdf.text.pdf.fonts.cmaps,CMapParser,0,1,0,0,,
"encode(String,ErrorCorrectionLevel,Map,QRCode)",129892,itext-5.0.3,com.itextpdf.text.pdf.qrcode,Encoder,1,0,0,0,,
initialise(String),314,jFin_DateMath-R1.0.1,org.jfin.common,CSVFileFormatTokenizer,0,0,0,1,,
"generateSchedule(Calendar, Calendar, Frequency, StubType, Period)",1266,jFin_DateMath-R1.0.1,org.jfin.date,ScheduleGenerator,0,0,1,0,,
"generateSchedule(Calendar, Calendar, int, int, StubType, Period, int)",43,jFin_DateMath-R1.0.1,org.jfin.date,ScheduleGenerator,0,0,1,1,,
"generateSchedule(Calendar, String, Frequency, StubType, Period)",1258,jFin_DateMath-R1.0.1,org.jfin.date,ScheduleGenerator,0,0,1,0,,
"generateSchedule(Calendar, Tenor, Frequency, StubType, Period, int)",1263,jFin_DateMath-R1.0.1,org.jfin.date,ScheduleGenerator,0,0,1,0,,
"generateSchedule(Calendar, Tenor, Frequency, StubType, int)",1261,jFin_DateMath-R1.0.1,org.jfin.date,ScheduleGenerator,0,0,1,0,,
"generateSchedule(Calendar,Calendar,int,int,StubType,Period,int)",1185,jFin_DateMath-R1.0.1,org.jfin.date,ScheduleGenerator,1,1,0,0,,
"createPeriod(Calendar, Calendar, Calendar, Calendar, boolean)",1253,jFin_DateMath-R1.0.1,org.jfin.date,TypedScheduleGenerator,0,0,1,0,,
"generateSchedule(Calendar, Calendar, int, int, StubType)",1251,jFin_DateMath-R1.0.1,org.jfin.date,TypedScheduleGenerator,0,0,1,0,,
"generateScheduleInternal(Calendar, Calendar, int, int, StubType)",312,jFin_DateMath-R1.0.1,org.jfin.date,TypedScheduleGenerator,0,0,0,1,,
"calculateDaycountFraction(Calendar, Calendar, Calendar, Calendar)",1234,jFin_DateMath-R1.0.1,org.jfin.date.daycount.defaultimpl,ISDAActualActual,0,0,1,0,,
" String, String, Iso4217Currency, String, Iso3166Country, String, String)",44,jFin_DateMath-R1.0.1,org.jfin.date.holiday.financialcalendarimpl,InfoFileEntry(String,0,0,1,0,,
createEntityEJBs(SimpleModel),17582,jag-6.1,com.finalist.jag.uml,UML2JagGenerator,1,1,0,0,,
createSessionEJBs(SimpleModel),17585,jag-6.1,com.finalist.jag.uml,UML2JagGenerator,1,1,0,0,,
validateSkelet(),17827,jag-6.1,com.finalist.jaggenerator,SkeletValidator,1,1,0,0,,
"Attribute_Code(int, int, int, int, Opcode[], int, ExceptionTableItem[], int, Attribute[])",6,jasml-0.10,com.jasml.classes,Attribute_Code,0,0,1,0,,
"ExceptionTableItem(int, int, int, int)",398,jasml-0.10,com.jasml.classes,Attribute_Code.ExceptionTableItem,0,0,1,0,,
"InnerClass(int, int, int, int)",395,jasml-0.10,com.jasml.classes,Attribute_InnerClasses.InnerClass,0,0,1,0,,
"Method(int, int, int, int, Attribute[])",403,jasml-0.10,com.jasml.classes,Method,0,0,1,0,,
"addFieldref(String, String, String)",383,jasml-0.10,com.jasml.compiler,ConstantPoolGenerator,0,0,1,0,,
"addInterfaceMethodref(String, String, String, String)",384,jasml-0.10,com.jasml.compiler,ConstantPoolGenerator,0,0,1,0,,
"addMethodNameAndType(String, String, String)",386,jasml-0.10,com.jasml.compiler,ConstantPoolGenerator,0,0,1,0,,
"addMethodref(String, String, String, String)",385,jasml-0.10,com.jasml.compiler,ConstantPoolGenerator,0,0,1,0,,
"GrammerException(int, int, int, String)",381,jasml-0.10,com.jasml.compiler,GrammerException,0,0,1,0,,
dumpAttribute(Attribute),173,jasml-0.10,com.jasml.compiler,JavaClassDumpper,0,0,0,1,,
"exception(int, int, int, String)",391,jasml-0.10,com.jasml.compiler,Scanner,0,0,1,0,,
"partialScanner(char[], int, int, int, int)",389,jasml-0.10,com.jasml.compiler,Scanner,0,0,1,0,,
parseMethod(),548,jasml-0.10,com.jasml.compiler,SourceCodeParser,1,0,0,0,,
"parseMethodAttributes(Method, ArrayList, LabeledInstructions, Attribute_Code, ArrayList)",377,jasml-0.10,com.jasml.compiler,SourceCodeParser,0,0,1,0,,
"parseMethodAttributes(Method,ArrayList,SourceCodeParser.LabeledInstructions,Attribute_Code,ArrayList)",549,jasml-0.10,com.jasml.compiler,SourceCodeParser,1,0,0,0,,
parseMethodInstructions(Method),551,jasml-0.10,com.jasml.compiler,SourceCodeParser,1,1,0,1,,
parseOpcodes(byte[]),27,jasml-0.10,com.jasml.decompiler,JavaClassParser,0,0,0,1,,
calculateReferences(Method),26,jasml-0.10,com.jasml.decompiler,SourceCodeBuilder,0,0,0,1,,
"toString(Attribute_Code, HashSet)",25,jasml-0.10,com.jasml.decompiler,SourceCodeBuilder,0,0,0,1,,
"toString(Attribute_Code,HashSet)",755,jasml-0.10,com.jasml.decompiler,SourceCodeBuilder,1,1,0,0,,
processOpcode(Node),174,jasml-0.10,com.jasml.helper,OpcodeLoader,0,0,0,1,,
"inheritCellSize(int, int)",290,jasperreports-3.7.3,net.sf.jasperreports.crosstabs.design,JRDesignCrosstab,0,0,0,1,,
"addCrosstabRows(ReportConverter, JRCrosstab, int, int, List)",1060,jasperreports-3.7.3,net.sf.jasperreports.engine.convert,CrosstabConverter,0,0,1,0,,
"getLoadedFont(JRFont,int,Locale)",82,jasperreports-3.7.3,net.sf.jasperreports.engine.export,JExcelApiExporter,0,0,0,1,,
getSuitablePaperSize(JasperPrint),261,jasperreports-3.7.3,net.sf.jasperreports.engine.export,JExcelApiExporter,0,0,0,1,,
"StyleInfo(Pattern, Colour, int, int, int, WritableFont, BoxStyle)",19,jasperreports-3.7.3,net.sf.jasperreports.engine.export,JExcelApiExporter.StyleInfo,0,0,1,0,,
"StyleInfo(Pattern, Colour, int, int, int, WritableFont, JRExporterGridCell, boolean)",18,jasperreports-3.7.3,net.sf.jasperreports.engine.export,JExcelApiExporter.StyleInfo,0,0,1,0,,
"JRExporterGridCell(ElementWrapper, int, int, int, int)",975,jasperreports-3.7.3,net.sf.jasperreports.engine.export,JRExporterGridCell,0,0,1,0,,
"JRGridLayout(ExporterNature, ElementWrapper[], int, int, int, int, String)",33,jasperreports-3.7.3,net.sf.jasperreports.engine.export,JRGridLayout,0,0,1,0,,
"JRGridLayout(ExporterNature, List, int, int, int, int, CutsInfo)",32,jasperreports-3.7.3,net.sf.jasperreports.engine.export,JRGridLayout,0,0,1,0,,
exportReportToWriter(),101,jasperreports-3.7.3,net.sf.jasperreports.engine.export,JRHtmlExporter,0,0,0,1,,
getHyperlinkTarget(JRPrintHyperlink),103,jasperreports-3.7.3,net.sf.jasperreports.engine.export,JRHtmlExporter,0,0,0,1,,
exportReport(),95,jasperreports-3.7.3,net.sf.jasperreports.engine.export,JRPdfExporter,0,0,0,1,,
exportElements(Collection),271,jasperreports-3.7.3,net.sf.jasperreports.engine.export,JRRtfExporter,0,0,0,1,,
"exportRightPen(JRPen, JRPen, JRPen, int, int, int, int)",31,jasperreports-3.7.3,net.sf.jasperreports.engine.export,JRRtfExporter,0,0,1,0,,
exportImage(JRPrintImage),88,jasperreports-3.7.3,net.sf.jasperreports.engine.export,JRXhtmlExporter,0,0,0,1,,
"createTextCell(JRPrintText, JRExporterGridCell, int, int, JRStyledText, StyleInfo, short)",21,jasperreports-3.7.3,net.sf.jasperreports.engine.export,JRXlsExporter,0,0,1,0,,
"getLoadedCellStyle(short, short, short, short, short, HSSFFont, JRExporterGridCell)",22,jasperreports-3.7.3,net.sf.jasperreports.engine.export,JRXlsExporter,0,0,1,0,,
"StyleInfo(short, short, short, short, short, HSSFFont, BoxStyle)",26,jasperreports-3.7.3,net.sf.jasperreports.engine.export,JRXlsExporter.StyleInfo,0,0,1,0,,
"initialize(Graphics2D, int, int, int, int, int, int, int, int, float, HorizontalAlignEnum, VerticalAlignEnum, float, float, int, boolean)",36,jasperreports-3.7.3,net.sf.jasperreports.engine.export,TextRenderer,0,0,1,0,,
"drawBottomPen(Graphics2D, JRPen, JRPen, JRPen, JRPrintElement, int, int)",41,jasperreports-3.7.3,net.sf.jasperreports.engine.export.draw,ElementDrawer,0,0,1,0,,
"drawLeftPen(Graphics2D, JRPen, JRPen, JRPen, JRPrintElement, int, int)",40,jasperreports-3.7.3,net.sf.jasperreports.engine.export.draw,ElementDrawer,0,0,1,0,,
"drawTopPen(Graphics2D, JRPen, JRPen, JRPen, JRPrintElement, int, int)",39,jasperreports-3.7.3,net.sf.jasperreports.engine.export.draw,ElementDrawer,0,0,1,0,,
"exportProps(String, Map, Map, Locale)",257,jasperreports-3.7.3,net.sf.jasperreports.engine.export.ooxml,PptxRunHelper,0,0,0,1,,
"exportPage(JRPrintPage,CutsInfo,int,JRPrintElementIndex,boolean)",329782,jasperreports-3.7.3,net.sf.jasperreports.engine.export.xmlss,JRXmlssExporter,1,1,0,0,,
exportReportToStream(Writer),329781,jasperreports-3.7.3,net.sf.jasperreports.engine.export.xmlss,JRXmlssExporter,0,1,0,0,,
"calculateTickUnits(Axis, boolean)",191,jasperreports-3.7.3,net.sf.jasperreports.engine.fill,DefaultChartTheme,0,0,0,1,,
getStretchHeightDiff(),41,jasperreports-3.7.3,net.sf.jasperreports.engine.fill,JRFillElementGroup,0,0,0,1,,
fillGroupFooters(boolean),37,jasperreports-3.7.3,net.sf.jasperreports.engine.fill,JRHorizontalFiller,0,0,0,1,,
fillSummaryNoLastFooterSamePage(),178,jasperreports-3.7.3,net.sf.jasperreports.engine.fill,JRVerticalFiller,0,0,0,1,,
fillSummaryWithLastFooterNoPageBands(),180,jasperreports-3.7.3,net.sf.jasperreports.engine.fill,JRVerticalFiller,0,0,0,1,,
appendTruncateSuffix(AttributedCharacterIterator),39,jasperreports-3.7.3,net.sf.jasperreports.engine.fill,TextMeasurer,0,0,0,1,,
"writeAxisFormat(String, JRFont, Color, JRFont, Color, String, Boolean, Color, String, String, boolean)",11,jasperreports-3.7.3,net.sf.jasperreports.engine.util,JRApiWriter,0,0,1,0,,
"setToBox(Byte, Byte, Byte, Byte, Byte, Color, Color, Color, Color, Color, Integer, Integer, Integer, Integer, Integer, JRLineBox)",12,jasperreports-3.7.3,net.sf.jasperreports.engine.util,JRBoxUtil,0,0,1,0,,
"parseStyle(JRStyledText,Node)",49,jasperreports-3.7.3,net.sf.jasperreports.engine.util,JRStyledTextParser,0,0,0,1,,
"service(HttpServletRequest,HttpServletResponse)",120,jasperreports-3.7.3,net.sf.jasperreports.j2ee.servlets,XmlServlet,0,0,0,1,,
"createHyperlinks(List,int,int)",146,jasperreports-3.7.3,net.sf.jasperreports.view,JRViewer,0,0,0,1,,
start(),6535,javacc-5.0,org.javacc.parser,Semanticize,1,0,0,0,,
"save(View,String,boolean,boolean)",140702,jedit-4.3.2,org.gjt.sp.jedit,Buffer,1,1,0,0,,
"buildGrid(Container,List,Set,Set)",141039,jedit-4.3.2,org.gjt.sp.jedit.gui,ExtendedGridLayout,1,1,0,0,,
indexEditorHelp(),135619,jedit-4.3.2,org.gjt.sp.jedit.help,HelpIndex,1,0,0,0,,
updateChunksUpTo(int),136328,jedit-4.3.2,org.gjt.sp.jedit.textarea,ChunkCache,1,1,0,0,,
"processArpOptions(ARPOptions,String,Object,RDFErrorHandler)",191093,jena-2.6.3,com.hp.hpl.jena.rdf.arp,JenaReader,0,1,0,0,,
prepare(),198770,jena-2.6.3,com.hp.hpl.jena.reasoner.rulesys,FBRuleInfGraph,0,1,0,0,,
determineLanguage(),189349,jena-2.6.3,jena,schemagen,1,0,0,0,,
jextEventFired(JextEvent),37390,jext-5.0,org.jext.project,DefaultProjectManager,1,0,0,0,,
"createStackedXYAreaChart(String, String, String, TableXYDataset, PlotOrientation, boolean, boolean, boolean)",77,jfreechart-1.0.13,org.jfree.chart,ChartFactory,0,0,1,0,,
"createWindPlot(String, String, String, WindDataset, boolean, boolean, boolean)",84,jfreechart-1.0.13,org.jfree.chart,ChartFactory,0,0,1,0,,
"LegendItem(String, String, String, String, Shape, Paint, Stroke, Paint)",88,jfreechart-1.0.13,org.jfree.chart,LegendItem,0,0,1,0,,
"draw(Graphics2D, XYPlot, Rectangle2D, ValueAxis, ValueAxis, int, PlotRenderingInfo)",49,jfreechart-1.0.13,org.jfree.chart.annotations,XYImageAnnotation,0,0,1,0,,
"refreshTicksHorizontal(Graphics2D, Rectangle2D, RectangleEdge)",159,jfreechart-1.0.13,org.jfree.chart.axis,LogarithmicAxis,0,0,0,1,,
"refreshTicksVertical(Graphics2D, Rectangle2D, RectangleEdge)",160,jfreechart-1.0.13,org.jfree.chart.axis,LogarithmicAxis,0,0,0,1,,
"drawTickMarksHorizontal(Graphics2D, AxisState, Rectangle2D, RectangleEdge)",365,jfreechart-1.0.13,org.jfree.chart.axis,PeriodAxis,0,0,0,1,,
"PeriodAxisLabelInfo(Class, DateFormat, RectangleInsets, Font, Paint, boolean, Stroke, Paint)",193,jfreechart-1.0.13,org.jfree.chart.axis,PeriodAxisLabelInfo,0,0,1,0,,
"BlockBorder(double, double, double, double, Paint)",1415,jfreechart-1.0.13,org.jfree.chart.block,BlockBorder,0,0,1,0,,
"drawRangeCrosshair(Graphics2D, Rectangle2D, PlotOrientation, double, ValueAxis, Stroke, Paint)",200,jfreechart-1.0.13,org.jfree.chart.plot,CategoryPlot,0,0,1,0,,
"render(Graphics2D, Rectangle2D, int, PlotRenderingInfo, CategoryCrosshairState)",165,jfreechart-1.0.13,org.jfree.chart.plot,CategoryPlot,0,0,0,1,,
"drawSide(Graphics2D, Rectangle2D, Arc2D, Area, Area, Paint, Paint, Stroke, boolean, boolean)",161,jfreechart-1.0.13,org.jfree.chart.plot,PiePlot3D,0,0,0,1,,
"drawItem(Graphics2D, int, Rectangle2D, PiePlotState, int)",162,jfreechart-1.0.13,org.jfree.chart.plot,RingPlot,0,0,0,1,,
"drawRadarPoly(Graphics2D,Rectangle2D,Point2D,PlotRenderingInfo,int,int,double,double)",276207,jfreechart-1.0.13,org.jfree.chart.plot,SpiderWebPlot,0,1,0,0,,
"draw(Graphics2D, Rectangle2D, Point2D, PlotState, PlotRenderingInfo)",2011,jfreechart-1.0.13,org.jfree.chart.plot,XYPlot,0,0,1,0,,
"drawDomainCrosshair(Graphics2D, Rectangle2D, PlotOrientation, double, ValueAxis, Stroke, Paint)",202,jfreechart-1.0.13,org.jfree.chart.plot,XYPlot,0,0,1,0,,
getDataRange(ValueAxis),169,jfreechart-1.0.13,org.jfree.chart.plot,XYPlot,0,0,0,1,,
"render(Graphics2D, Rectangle2D, int, PlotRenderingInfo, CrosshairState)",168,jfreechart-1.0.13,org.jfree.chart.plot,XYPlot,0,0,0,1,,
"drawVerticalItem(Graphics2D, CategoryItemRendererState, Rectangle2D, CategoryPlot, CategoryAxis, ValueAxis, CategoryDataset, int, int)",141,jfreechart-1.0.13,org.jfree.chart.renderer.category,LayeredBarRenderer,0,0,1,0,,
"drawItem(Graphics2D, CategoryItemRendererState, Rectangle2D, CategoryPlot, CategoryAxis, ValueAxis, CategoryDataset, int, int, int)",131,jfreechart-1.0.13,org.jfree.chart.renderer.category,LineRenderer3D,0,0,1,1,,
"drawRangeMarker(Graphics2D, XYPlot, ValueAxis, Marker, Rectangle2D)",346,jfreechart-1.0.13,org.jfree.chart.renderer.xy,AbstractXYItemRenderer,0,0,0,1,,
"initialise(Graphics2D, Rectangle2D, XYPlot, XYDataset, PlotRenderingInfo)",1626,jfreechart-1.0.13,org.jfree.chart.renderer.xy,XYStepAreaRenderer,0,0,1,0,,
"drawItem(Graphics2D, XYItemRendererState, Rectangle2D, PlotRenderingInfo, XYPlot, ValueAxis, ValueAxis, XYDataset, int, int, CrosshairState, int)",175,jfreechart-1.0.13,org.jfree.chart.renderer.xy,XYStepRenderer,0,0,1,1,,
findMaximumRangeValue(CategoryDataset),389,jfreechart-1.0.13,org.jfree.data.general,DatasetUtilities,0,0,0,1,,
findMaximumRangeValue(XYDataset),390,jfreechart-1.0.13,org.jfree.data.general,DatasetUtilities,0,0,0,1,,
findMinimumRangeValue(XYDataset),388,jfreechart-1.0.13,org.jfree.data.general,DatasetUtilities,0,0,0,1,,
"executeQuery(Connection,String)",172,jfreechart-1.0.13,org.jfree.data.jdbc,JDBCCategoryDataset,0,0,0,1,,
executeQuery(String),171,jfreechart-1.0.13,org.jfree.data.jdbc,JDBCXYDataset,0,0,0,1,,
updateBounds(),150,jfreechart-1.0.13,org.jfree.data.statistics,DefaultStatisticalCategoryDataset,0,0,0,1,,
"calculateMean(Collection, boolean)",151,jfreechart-1.0.13,org.jfree.data.statistics,Statistics,0,0,0,1,,
"createMovingAverage(TimeSeries, String, int, int)",156,jfreechart-1.0.13,org.jfree.data.time,MovingAverage,0,0,0,1,,
"createMovingAverage(XYDataset, int, String, double, double)",157,jfreechart-1.0.13,org.jfree.data.time,MovingAverage,0,0,0,1,,
parseWeek(String),155,jfreechart-1.0.13,org.jfree.data.time,Week,0,0,0,1,,
"installAttributes(Object,CellView,boolean,JGraph)",54683,jgraph-5.13.0.0,com.jgraph.example.panelexample,FlyweightUIComponent,1,0,0,0,,
"transpose(int,JGraphHierarchyModel)",54585,jgraph-5.13.0.0,com.jgraph.layout.hierarchical,JGraphMedianHybridCrossingReduction,0,1,0,0,,
setOptimizationConfiguration(Properties),35447,jgraphpad-5.10.0.2,org.jgraph.plugins.layouts,GEMLayoutSettings,1,0,0,0,,
construct(),36022,jgraphpad-5.10.0.2,org.microplatform.gui,org.microplatform.gui.MDIContainer$1,1,0,0,0,,
"KShortestPathsIterator(Graph,Object,Object,int)",23002,jgrapht-0.8.1,org.jgrapht.alg,KShortestPathsIterator,1,0,0,0,,
"AbstractBaseGraph(EdgeFactory,boolean,boolean)",22454,jgrapht-0.8.1,org.jgrapht.graph,AbstractBaseGraph,1,0,0,0,,
"parse(Element,boolean)",417,jgroups-2.10.0,org.jgroups,JChannelFactory,0,0,0,1,,
"encode(int, int, int)",2344,jgroups-2.10.0,org.jgroups,Version,0,0,1,0,,
"ConnectionTable(Receiver, InetAddress, InetAddress, int, int)",2421,jgroups-2.10.0,org.jgroups.blocks,ConnectionTable,0,0,1,0,,
"ConnectionTable(Receiver, InetAddress, InetAddress, int, int, long, long)",217,jgroups-2.10.0,org.jgroups.blocks,ConnectionTable,0,0,1,0,,
"ConnectionTableNIO(Receiver, InetAddress, InetAddress, int, int, long, long)",222,jgroups-2.10.0,org.jgroups.blocks,ConnectionTableNIO,0,0,1,0,,
"ConnectionTableNIO(Receiver, InetAddress, InetAddress, int, int, long, long, boolean)",223,jgroups-2.10.0,org.jgroups.blocks,ConnectionTableNIO,0,0,1,0,,
"_put(K, V, short, long, boolean)",184,jgroups-2.10.0,org.jgroups.blocks,ReplCache,0,0,0,1,,
get(K),428,jgroups-2.10.0,org.jgroups.blocks,ReplCache,0,0,0,1,,
"_replace(Serializable, Serializable, Serializable)",2476,jgroups-2.10.0,org.jgroups.blocks,ReplicatedMap,0,0,1,0,,
"RpcDispatcher(Channel, MessageListener, MembershipListener, Object, boolean, boolean)",2437,jgroups-2.10.0,org.jgroups.blocks,RpcDispatcher,0,0,1,0,,
"callRemoteMethods(Vector<Address>, String, Object[], Class[], int, long, boolean)",218,jgroups-2.10.0,org.jgroups.blocks,RpcDispatcher,0,0,1,0,,
"callRemoteMethods(Vector<Address>, String, Object[], Class[], int, long, boolean, RspFilter)",219,jgroups-2.10.0,org.jgroups.blocks,RpcDispatcher,0,0,1,0,,
"callRemoteMethods(Vector<Address>, String, Object[], String[], int, long, boolean)",220,jgroups-2.10.0,org.jgroups.blocks,RpcDispatcher,0,0,1,0,,
"callRemoteMethodsWithFuture(Vector<Address>, MethodCall, int, long, boolean, boolean, RspFilter)",221,jgroups-2.10.0,org.jgroups.blocks,RpcDispatcher,0,0,1,0,,
"TCPConnectionMap(String, ThreadFactory, Receiver, InetAddress, InetAddress, int, int, long, long)",216,jgroups-2.10.0,org.jgroups.blocks,TCPConnectionMap,0,0,1,0,,
"MuxMessageDispatcher(short, Channel, MessageListener, MembershipListener, RequestHandler)",2274,jgroups-2.10.0,org.jgroups.blocks.mux,MuxMessageDispatcher,0,0,1,0,,
"Draw(String, boolean, boolean, boolean, long, boolean, boolean, String)",213,jgroups-2.10.0,org.jgroups.demos,Draw,0,0,1,0,,
"start(String, InetAddress, int, int, int, long, long, boolean, boolean, int, long, int, long)",212,jgroups-2.10.0,org.jgroups.demos,MemcachedServer,0,0,1,0,,
"start(String, String, long, long, boolean, boolean, int, long, int, long)",214,jgroups-2.10.0,org.jgroups.demos,ReplCacheDemo,0,0,1,0,,
up(Event),211,jgroups-2.10.0,org.jgroups.protocols,COMPRESS,0,0,0,1,,
"endElement(String, String, String)",2674,jgroups-2.10.0,org.jgroups.protocols,S3_PING.ListBucketResponse.ListBucketHandler,0,0,1,0,,
"handleDataReceived(Address, long, long, boolean, Message, Event)",464,jgroups-2.10.0,org.jgroups.protocols,UNICAST2,0,0,0,1,,
"joinInternal(Address, boolean, boolean)",2290,jgroups-2.10.0,org.jgroups.protocols.pbcast,ClientGmsImpl,0,0,0,1,,
"setDefaultValues(Vector<ProtocolConfiguration>, Vector<Protocol>, StackType)",224,jgroups-2.10.0,org.jgroups.stack,Configurator,0,0,0,1,,
destroy(),231,jgroups-2.10.0,org.jgroups.stack,ProtocolStack,0,0,0,1,,
"startStack(String, Address)",232,jgroups-2.10.0,org.jgroups.stack,ProtocolStack,0,0,0,1,,
"print(PrintStream, String, String, String)",2613,jgroups-2.10.0,org.jgroups.util,JUnitXMLReporter,0,0,1,0,,
"Proxy(InetAddress, int, InetAddress, int, boolean, boolean)",2604,jgroups-2.10.0,org.jgroups.util,Proxy,0,0,1,0,,
"Proxy(InetAddress, int, InetAddress, int, boolean, boolean, String)",226,jgroups-2.10.0,org.jgroups.util,Proxy,0,0,1,0,,
"ThreadManagerThreadPoolExecutor(int, int, long, TimeUnit, BlockingQueue<Runnable>, ThreadFactory, RejectedExecutionHandler)",225,jgroups-2.10.0,org.jgroups.util,ThreadManagerThreadPoolExecutor,0,0,1,0,,
"objectToStream(Object, DataOutputStream)",442,jgroups-2.10.0,org.jgroups.util,Util,0,0,0,1,,
"replaceProperties(String, Properties)",197,jgroups-2.10.0,org.jgroups.util,Util,0,0,0,1,,
"importData(JComponent,Transferable,HashSet,Point)",153297,jhotdraw-7.5.1,org.jhotdraw.draw,DefaultDrawingViewTransferHandler,0,1,0,0,,
toPath(String),150060,jhotdraw-7.5.1,org.jhotdraw.samples.odg.io,ODGInputFormat,1,1,0,0,,
"readGraphicPropertiesElement(IXMLElement,HashMap)",149999,jhotdraw-7.5.1,org.jhotdraw.samples.odg.io,ODGStylesReader,1,0,0,0,,
"getInstance(String,String)",35474,jmoney-0.4.4,net.sf.jmoney,EntryComparator,0,0,0,1,,
"getListCellRendererComponent(JList,Object,int,boolean,boolean)",5845,jmoney-0.4.4,net.sf.jmoney.gui,AccountEntriesPanel.EntryCellRenderer,1,0,0,0,,
"getTreeCellRendererComponent(JTree, Object, boolean, boolean, boolean, int, boolean)",228,jmoney-0.4.4,net.sf.jmoney.gui,CategoryPanel.CategoryTreeCellRenderer,0,0,1,0,,
"getListCellRendererComponent(JList, Object, int, boolean, boolean)",2855,jmoney-0.4.4,net.sf.jmoney.gui,StatusComboBox.Renderer,0,0,1,0,,
"showDialog(Account, Account, long, long)",2861,jmoney-0.4.4,net.sf.jmoney.gui,TransferDialog,0,0,1,0,,
"importTransaction(Session, BufferedReader)",488,jmoney-0.4.4,net.sf.jmoney.io,MT940,0,0,0,1,,
"exportAccount(Session, Account, File)",2873,jmoney-0.4.4,net.sf.jmoney.io,QIF,0,0,0,1,,
"extractCategory(Session, Accounts, Account, Entry, String)",2872,jmoney-0.4.4,net.sf.jmoney.io,QIF,0,0,1,0,,
"extractSplittedCategory(Session, Accounts, Account, Entry, String)",2869,jmoney-0.4.4,net.sf.jmoney.io,QIF,0,0,1,0,,
"removeSimilarTransfer(Account, Entry)",238,jmoney-0.4.4,net.sf.jmoney.io,QIF,0,0,0,1,,
compilationUnit(),4965,jparse-0.96,jparse,JavaParser,0,1,0,0,,
field(),4979,jparse-0.96,jparse,JavaParser,0,1,0,0,,
register(URL[]),14407,jpf-1.0.2,org.java.plugin.registry.xml,PluginRegistryImpl,0,1,0,0,,
"shadowResource(URL,String,boolean)",14396,jpf-1.0.2,org.java.plugin.standard,ShadowDataController,0,1,0,0,,
initRegistry(boolean),13957,jpf-1.0.2,org.java.plugin.tools.ant,BaseJpfTask,0,1,0,0,,
"rSerializeNode(Writer,Node,String,String,int,int,int)",7545,jsXe-04_beta,net.sourceforge.jsxe.dom,DOMSerializer,1,1,0,0,,
"execute(WikiContext,Map)",51913,jspwiki-2.8.4,com.ecyrd.jspwiki.plugin,PageViewPlugin.PageViewManager,1,1,0,0,,
"parse(XMLEventReader,StartElement)",70068,jung-2.0.1,edu.uci.ics.jung.io.graphml.parser,GraphElementParser,1,0,0,0,,
"LocationInfo(Throwable,String)",26343,log4j-1.2.16,org.apache.log4j.spi,LocationInfo,0,1,0,0,,
"DirectoryReader(Directory,SegmentInfos,SegmentReader[],int[],Map,boolean,boolean,int,Collection)",294188,lucene-3.5.0,org.apache.lucene.index,DirectoryReader,0,1,0,0,,
"appendPostings(String,SegmentWriteState,FreqProxTermsWriterPerField[],FormatPostingsFieldsConsumer)",294654,lucene-3.5.0,org.apache.lucene.index,FreqProxTermsWriter,1,1,0,0,,
"getBestTextFragments(TokenStream,String,boolean,int)",285714,lucene-3.5.0,org.apache.lucene.search.highlight,Highlighter,1,1,0,0,,
"getBattleForceStandardWeaponsDamage(int,int,boolean,boolean)",319434,megamek-0.35.18,megamek.common,Mech,1,1,0,0,,
"nightModifiers(IGame,Targetable,AmmoType,Entity,boolean)",320695,megamek-0.35.18,megamek.common.actions,AbstractAttackAction,1,1,0,0,,
calcHits(Vector),314742,megamek-0.35.18,megamek.common.weapons,MissileWeaponHandler,1,1,0,0,,
"handleEntityDamage(Entity,Vector,Building,int,int,int)",315064,megamek-0.35.18,megamek.common.weapons,WeaponHandler,1,1,0,0,,
"getAuthenticatedUser(GenericRequest,GenericResponse,String,String,boolean)",100798,mvnforum-1.2.2-ga,com.mvnforum.auth,OnlineUserFactoryImpl,1,1,0,0,,
"processSearchAttachments(GenericRequest,GenericResponse)",100403,mvnforum-1.2.2-ga,com.mvnforum.user,AttachmentWebHandler,1,1,0,0,,
prepareDelete(GenericRequest),100316,mvnforum-1.2.2-ga,com.mvnforum.user,MessageFolderWebHandler,1,0,0,0,,
prepareList(GenericRequest),100315,mvnforum-1.2.2-ga,com.mvnforum.user,MessageFolderWebHandler,1,0,0,0,,
"processAdd(GenericRequest,GenericResponse)",100334,mvnforum-1.2.2-ga,com.mvnforum.user,PmAttachmentWebHandler,1,1,0,0,,
"sendMail_forMember(int,String,Timestamp)",100321,mvnforum-1.2.2-ga,com.mvnforum.user,WatchWebHandler,1,1,0,0,,
setInputSource(XMLInputSource),1643,nekohtml-1.9.14,org.cyberneko.html,HTMLConfiguration,1,0,0,0,,
scan(boolean),1676,nekohtml-1.9.14,org.cyberneko.html,HTMLScanner.ContentScanner,1,0,0,0,,
"startElement(QName,XMLAttributes,Augmentations)",1428,nekohtml-1.9.14,org.cyberneko.html,HTMLTagBalancer,1,1,0,0,,
"createObject(String,String,String)",1526,nekohtml-1.9.14,org.cyberneko.html,ObjectFactory,0,1,0,0,,
convertHostToAddress(URI),57683,openjms-0.7.7-beta-1,org.exolab.jms.net.uri,URIHelper,1,0,0,0,,
"generateMethod(Method,SourceWriter)",57536,openjms-0.7.7-beta-1,org.exolab.jms.plugins.proxygen,ProxyGenerator,0,1,0,0,,
"put(Object,Object,boolean)",2656,oscache-2.4.1,com.opensymphony.oscache.base.algorithm,AbstractConcurrentReadCache,0,1,0,0,,
"remove(Object,boolean,boolean)",2657,oscache-2.4.1,com.opensymphony.oscache.base.algorithm,AbstractConcurrentReadCache,0,1,0,0,,
"dumpOld(long, InputStream, PrintStream)",245,poi-3.6,org.apache.poi.ddf,EscherDump,0,0,0,1,,
processRecords(InputStream),249,poi-3.6,org.apache.poi.hssf.eventmodel,EventRecordFactory,0,0,0,1,,
processRecord(Record),402517,poi-3.6,org.apache.poi.hssf.eventusermodel.examples,XLS2CSVmra,1,1,0,0,,
getText(),250,poi-3.6,org.apache.poi.hssf.extractor,ExcelExtractor,0,0,0,1,,
"DVRecord(int, int, int, boolean, boolean, boolean, boolean, String, String, boolean, String, String, Ptg[], Ptg[], CellRangeAddressList)",259,poi-3.6,org.apache.poi.hssf.record,DVRecord,0,0,1,0,,
HyperlinkRecord(RecordInputStream),504,poi-3.6,org.apache.poi.hssf.record,HyperlinkRecord,0,0,0,1,,
"StreamEncryptionInfo(RecordInputStream, List<Record>)",506,poi-3.6,org.apache.poi.hssf.record,RecordFactoryInputStream.StreamEncryptionInfo,0,0,0,1,,
"FormulaShifter(int, int, int, int)",3307,poi-3.6,org.apache.poi.hssf.record.formula,FormulaShifter,0,0,1,0,,
"evaluate(int, int, ValueEval, ValueEval, ValueEval, ValueEval, ValueEval)",244,poi-3.6,org.apache.poi.hssf.record.formula.functions,FinanceFunction,0,0,1,0,,
"evaluate(int, int, ValueEval, ValueEval, ValueEval, ValueEval)",2973,poi-3.6,org.apache.poi.hssf.record.formula.functions,Replace,0,0,1,0,,
"replaceOneOccurrence(String, String, String, int)",3055,poi-3.6,org.apache.poi.hssf.record.formula.functions,Substitute,0,0,1,0,,
"evaluate(int, int, ValueEval, ValueEval)",3001,poi-3.6,org.apache.poi.hssf.record.formula.functions,TextFunction.SearchFind,0,0,1,0,,
"drawImage(Image, int, int, int, int, Color, ImageObserver)",249,poi-3.6,org.apache.poi.hssf.usermodel,EscherGraphics,0,0,1,0,,
"drawImage(Image, int, int, int, int, int, int, int, int, Color, ImageObserver)",247,poi-3.6,org.apache.poi.hssf.usermodel,EscherGraphics,0,0,1,0,,
"drawImage(Image, int, int, int, int, int, int, int, int, ImageObserver)",248,poi-3.6,org.apache.poi.hssf.usermodel,EscherGraphics,0,0,1,0,,
"drawRect(int, int, int, int)",3140,poi-3.6,org.apache.poi.hssf.usermodel,EscherGraphics,0,0,1,0,,
"findCellComment(Sheet, int, int)",241,poi-3.6,org.apache.poi.hssf.usermodel,HSSFCell,0,0,0,1,,
"setAnchor(short, int, int, int, short, int, int, int)",258,poi-3.6,org.apache.poi.hssf.usermodel,HSSFClientAnchor,0,0,1,0,,
"autoSizeColumn(int, boolean)",243,poi-3.6,org.apache.poi.hssf.usermodel,HSSFSheet,0,0,0,1,,
"shiftRows(int, int, int, boolean, boolean, boolean)",500,poi-3.6,org.apache.poi.hssf.usermodel,HSSFSheet,0,0,0,1,,
getFontDetails(Font),503,poi-3.6,org.apache.poi.hssf.usermodel,StaticFontMetrics,0,0,0,1,,
"notifyUpdateCell(int, int, EvaluationCell)",248,poi-3.6,org.apache.poi.ss.formula,EvaluationCache,0,0,0,1,,
parseRangeable(),518,poi-3.6,org.apache.poi.ss.formula,FormulaParser,0,0,0,1,,
"onReadPlainValue(int, int, int, ICacheEntry)",3434,poi-3.6,org.apache.poi.ss.formula,IEvaluationListener,0,0,1,0,,
"evaluateFormula(OperationEvaluationContext, Ptg[])",247,poi-3.6,org.apache.poi.ss.formula,WorkbookEvaluator,0,0,0,1,,
"CellRangeAddress(int, int, int, int)",3489,poi-3.6,org.apache.poi.ss.util,CellRangeAddress,0,0,1,0,,
"doRedBlackDeleteFixup(Node, int)",239,poi-3.6,org.apache.poi.util,BinaryTree,0,0,0,1,,
"doRedBlackInsert(Node, int)",490,poi-3.6,org.apache.poi.util,BinaryTree,0,0,0,1,,
"log(int, Object, Object, Object)",2887,poi-3.6,org.apache.poi.util,NullLogger,0,0,1,0,,
"log(int, Object, Object, Object, Object, Object, Object, Object, Object)",232,poi-3.6,org.apache.poi.util,NullLogger,0,0,1,0,,
"log(int, Object, Object, Object, Object, Object, Object, Object, Object, Throwable)",236,poi-3.6,org.apache.poi.util,NullLogger,0,0,1,0,,
"log(int, Object, Object, Object, Object, Object, Object, Throwable)",234,poi-3.6,org.apache.poi.util,NullLogger,0,0,1,0,,
"log(int, Object, Object, Object, Object, Object, Object, Object, Throwable)",242,poi-3.6,org.apache.poi.util,POILogger,0,0,1,0,,
loadFolder(boolean),74824,pooka-3.0-080505,net.suberic.pooka.cache,CachingFolderInfo,0,1,0,0,,
setEnabled(boolean),74434,pooka-3.0-080505,net.suberic.pooka.gui.search,SearchEntryPanel,1,0,0,0,,
loadWaitingMessages(),74572,pooka-3.0-080505,net.suberic.pooka.thread,LoadMessageThread,1,1,0,0,,
"visitConstantInstruction(Clazz,Method,CodeAttribute,int,ConstantInstruction)",89302,proguard-4.5.1,proguard.optimize.info,ReadWriteFieldMarker,1,0,0,0,,
execute(),91476,proguard-4.5.1,proguard.retrace,ReTrace,0,1,0,0,,
"clusterRecover(Connection,List)",43652,quartz-1.8.3,org.quartz.impl.jdbcjobstore,JobStoreSupport,1,1,0,0,,
process(InputSource),42804,quartz-1.8.3,org.quartz.xml,XMLSchedulingDataProcessor,1,1,0,0,,
scheduleJobs(Scheduler),42817,quartz-1.8.3,org.quartz.xml,XMLSchedulingDataProcessor,1,1,0,0,,
loadKeyManagers(QuickServerConfig),12549,quickserver-1.4.7,org.quickserver.security,SecureStoreManager,1,0,0,0,,
"makeGraph(ClassGen,MethodGen)",3291,quilt-0.6-a-5,org.quilt.cl,GraphTransformer,1,1,0,0,,
discoverEdge(Edge),3626,quilt-0.6-a-5,org.quilt.cover.stmt,GraphAction.LampLighter,1,1,0,0,,
"sendMessage(Session,String,String[],String[],String[],String,String,String)",94591,roller-4.0.1,org.apache.roller.planet.util,MailUtil,0,1,0,0,,
"buildMenu(ParsedMenu,String,User,Weblog)",96464,roller-4.0.1,org.apache.roller.weblogger.ui.core.util.menu,MenuHelper,1,1,0,0,,
save(),95454,roller-4.0.1,org.apache.roller.weblogger.ui.struts2.core,Profile,1,0,0,0,,
"sendEmailNotification(WeblogEntryComment,RollerMessages,I18nMessages,boolean)",95951,roller-4.0.1,org.apache.roller.weblogger.util,MailUtil,1,1,0,0,,
"newPost(String,String,String,Hashtable,boolean)",95766,roller-4.0.1,org.apache.roller.weblogger.webservices.xmlrpc,MetaWeblogAPIHandler,1,1,0,0,,
"replaceCopiedColsByReferences(ColumnInfo[],boolean)",3939,squirrel_sql-3.1.2,net.sourceforge.squirrel_sql.plugins.graph,ConstraintData,1,0,0,0,,
"buildTree(float,float,float,float,float,float,KDTree.BuildTask,int,IntArray,int,IntArray,KDTree.BuildStats)",19469,sunflow-0.07.2,org.sunflow.core.accel,KDTree,0,1,0,0,,
"renderBucket(Display,int,int,int,IntersectionState)",20055,sunflow-0.07.2,org.sunflow.core.renderer,BucketRenderer,0,1,0,0,,
"scatterPhoton(ShadingState,Color)",19306,sunflow-0.07.2,org.sunflow.core.shader,PhongShader,1,0,0,0,,
"Bitmap(String,boolean)",19262,sunflow-0.07.2,org.sunflow.image,Bitmap,0,1,0,0,,
"getObjectInstance(Object,Name,Context,Hashtable)",301060,tomcat-7.0.2,org.apache.naming.factory.webservices,ServiceRefFactory,1,1,0,0,,
IteratorImpl(int),2225,trove-2.1.0,gnu.trove,TLinkedList.IteratorImpl,1,0,0,0,,
main(String[]),1869,trove-2.1.0,gnu.trove.benchmark,MemoryUsage,0,0,0,1,,
"generate(String, String, String, File, File)",3537,trove-2.1.0,gnu.trove.generate,Generate,0,0,1,0,,
"generateP2P(String, String, String, File, File)",3538,trove-2.1.0,gnu.trove.generate,Generate,0,0,1,0,,
createDefaultProfile(Agency),83630,wct-1.5.2,org.webcurator.core.profiles,ProfileManager,1,0,0,0,,
"createBatchTargetInstances(AbstractTarget,Schedule,TargetGroup,boolean)",86193,wct-1.5.2,org.webcurator.core.targets,TargetManagerImpl,1,1,0,0,,
"createTargetInstances(AbstractTarget,Schedule,boolean)",86194,wct-1.5.2,org.webcurator.core.targets,TargetManagerImpl,1,1,0,0,,
"processFormSubmission(HttpServletRequest,HttpServletResponse,Object,BindException)",83567,wct-1.5.2,org.webcurator.ui.intray.controller,InTrayController,1,0,0,0,,
"processOther(TabbedController,Tab,HttpServletRequest,HttpServletResponse,Object,BindException)",87960,wct-1.5.2,org.webcurator.ui.target.controller,TargetSchedulesHandler,1,1,0,0,,
"handle(HttpServletRequest,HttpServletResponse,Object,BindException)",84867,wct-1.5.2,org.webcurator.ui.tools.controller,TreeToolController,1,1,0,0,,
"handleURL(String,HTTPSession,HTTPRequestHeader)",422512,webmail-0.7.10,(default package),SendMessage,1,1,0,0,,
"buildClassifier(Instances,int,int,boolean,int,int)",351812,weka-3.7.5,weka.classifiers.functions,SMO.BinarySMO,0,1,0,0,,
"runBasicTest(CheckEstimator.AttrTypes,int,int,int,int,int,boolean,boolean,int,int,int,FastVector)",347652,weka-3.7.5,weka.estimators,CheckEstimator,0,1,0,0,,
"outputToResultTree(Stylesheet, Object)",358,xalan-2.7.1,org.apache.xalan.extensions,XSLProcessorContext,0,0,0,1,,
"endElement(StylesheetHandler, String, String, String)",4537,xalan-2.7.1,org.apache.xalan.processor,ProcessorGlobalParamDecl,0,0,1,0,,
"XSLTAttributeDef(String, String, boolean, boolean, boolean, int, String, int, String, int, String, int, String, int)",292,xalan-2.7.1,org.apache.xalan.processor,XSLTAttributeDef,0,0,1,0,,
"XSLTElementDef(XSLTSchema, String, String, String, XSLTElementDef[], XSLTAttributeDef[], XSLTElementProcessor, Class)",293,xalan-2.7.1,org.apache.xalan.processor,XSLTElementDef,0,0,1,0,,
"XSLTElementDef(XSLTSchema, String, String, String, XSLTElementDef[], XSLTAttributeDef[], XSLTElementProcessor, Class, boolean, int, boolean)",298,xalan-2.7.1,org.apache.xalan.processor,XSLTElementDef,0,0,1,0,,
"build(String, String, String, XSLTElementDef[], XSLTAttributeDef[], XSLTElementProcessor, Class)",300,xalan-2.7.1,org.apache.xalan.processor,XSLTElementDef,0,0,1,0,,
execute(TransformerImpl),261,xalan-2.7.1,org.apache.xalan.templates,ElemCallTemplate,0,0,0,1,,
resolvePrefixTables(),532,xalan-2.7.1,org.apache.xalan.templates,ElemTemplateElement,0,0,0,1,,
"NodeSortKey(TransformerImpl, XPath, boolean, boolean, String, boolean, PrefixResolver)",287,xalan-2.7.1,org.apache.xalan.transformer,NodeSortKey,0,0,1,0,,
"transform(Source, Result)",331,xalan-2.7.1,org.apache.xalan.transformer,TransformerIdentityImpl,0,0,0,1,,
"createSerializationHandler(Result, OutputProperties)",683,xalan-2.7.1,org.apache.xalan.transformer,TransformerImpl,0,0,0,1,,
"MatchGenerator(int, Type, Type[], String[], String, String, InstructionList, ConstantPoolGen)",284,xalan-2.7.1,org.apache.xalan.xsltc.compiler.util,MatchGenerator,0,0,1,0,,
widenConditionalBranchTargetOffsets(),305,xalan-2.7.1,org.apache.xalan.xsltc.compiler.util,MethodGenerator,0,0,0,1,,
"TestGenerator(int, Type, Type[], String[], String, String, InstructionList, ConstantPoolGen)",281,xalan-2.7.1,org.apache.xalan.xsltc.compiler.util,TestGenerator,0,0,1,0,,
"AdaptiveResultTreeImpl(XSLTCDTMManager, int, DTMWSFilter, int, boolean)",3911,xalan-2.7.1,org.apache.xalan.xsltc.dom,AdaptiveResultTreeImpl,0,0,1,0,,
"getShouldStripSpace(int, DTM)",616,xalan-2.7.1,org.apache.xalan.xsltc.dom,DOMWSFilter,0,0,0,1,,
"document(String, String, AbstractTranslet, DOM, boolean)",3876,xalan-2.7.1,org.apache.xalan.xsltc.dom,LoadDocument,0,0,1,0,,
"NodeSortRecordFactory(DOM, String, Translet, String[], String[], String[], String[])",272,xalan-2.7.1,org.apache.xalan.xsltc.dom,NodeSortRecordFactory,0,0,1,0,,
"SAXImpl(XSLTCDTMManager, Source, int, DTMWSFilter, XMLStringFactory, boolean, boolean)",276,xalan-2.7.1,org.apache.xalan.xsltc.dom,SAXImpl,0,0,1,0,,
"SortSettings(AbstractTranslet, int[], int[], Locale[], Collator[], String[])",3927,xalan-2.7.1,org.apache.xalan.xsltc.dom,SortSettings,0,0,1,0,,
"getDTM(Source,boolean,DTMWSFilter,boolean,boolean,boolean,int,boolean,boolean)",230729,xalan-2.7.1,org.apache.xalan.xsltc.dom,XSLTCDTMManager,1,1,0,0,,
"PIParamWrapper(String, String, String)",3670,xalan-2.7.1,org.apache.xalan.xsltc.trax,TransformerFactoryImpl.PIParamWrapper,0,0,1,0,,
"createObject(String, String, String)",4618,xalan-2.7.1,org.apache.xml.dtm,ObjectFactory,0,0,1,0,,
"lookUpFactoryClassName(String, String, String)",4620,xalan-2.7.1,org.apache.xml.dtm,ObjectFactory,0,0,1,1,,
"DTMDefaultBaseTraversers(DTMManager, Source, int, DTMWSFilter, XMLStringFactory, boolean, int, boolean, boolean)",269,xalan-2.7.1,org.apache.xml.dtm.ref,DTMDefaultBaseTraversers,0,0,1,0,,
"getDTM(Source, boolean, DTMWSFilter, boolean, boolean)",278,xalan-2.7.1,org.apache.xml.dtm.ref,DTMManagerDefault,0,0,0,1,,
setStartNode(int),351,xalan-2.7.1,org.apache.xml.dtm.ref.sax2dtm,SAX2DTM2.TypedAncestorIterator,0,0,0,1,,
"push(String, String, String)",3977,xalan-2.7.1,org.apache.xml.serializer,ElemContext,0,0,1,0,,
"unparsedEntityDecl(String, String, String, String)",4004,xalan-2.7.1,org.apache.xml.serializer,EmptySerializer,0,0,1,0,,
"startElement(String, String, String)",4114,xalan-2.7.1,org.apache.xml.serializer,ToSAXHandler,0,0,1,0,,
"accumDefaultEntity(Writer, char, int, char[], int, boolean, boolean)",278,xalan-2.7.1,org.apache.xml.serializer,ToStream,0,0,1,0,,
"addAttribute(String, String, String, String, String, boolean)",4082,xalan-2.7.1,org.apache.xml.serializer,ToTextStream,0,0,1,0,,
"write(char[], int, int)",290,xalan-2.7.1,org.apache.xml.serializer,WriterToUTF8Buffered,0,0,0,1,,
initProperties(Properties),344,xalan-2.7.1,org.apache.xml.serializer.dom3,DOM3TreeWalker,0,0,0,1,,
"isWFXMLChar(String, Character)",338,xalan-2.7.1,org.apache.xml.serializer.dom3,DOM3TreeWalker,0,0,0,1,,
traverse(Node),691,xalan-2.7.1,org.apache.xml.serializer.dom3,DOM3TreeWalker,0,0,0,1,,
"URI(String, String, String, int, String, String, String)",268,xalan-2.7.1,org.apache.xml.serializer.utils,URI,0,0,1,0,,
getNamespaceOfNode(Node),325,xalan-2.7.1,org.apache.xml.utils,DOMHelper,0,0,0,1,,
"isNodeAfter(Node, Node)",662,xalan-2.7.1,org.apache.xml.utils,DOMHelper,0,0,0,1,,
"isNodeAfterSibling(Node, Node, Node)",663,xalan-2.7.1,org.apache.xml.utils,DOMHelper,0,0,0,1,,
"DescendantIterator(Compiler,int,int)",51031,xalan-2.7.1,org.apache.xpath.axes,DescendantIterator,0,0,0,1,,
"executePredicates(int, XPathContext)",310,xalan-2.7.1,org.apache.xpath.axes,PredicatedNodeTest,0,0,0,1,,
"findProviderClass(String, ClassLoader, boolean)",554,xalan-2.7.1,org.apache.xpath.functions,ObjectFactory,0,0,0,1,,
"setupCurrentEntity(String,XMLInputSource,boolean,boolean)",179871,xerces-2.10.0,org.apache.xerces.impl,XMLEntityManager,1,1,0,0,,
"fixupCurrentEntity(XMLEntityManager,char[],int)",179846,xerces-2.10.0,org.apache.xerces.impl,XMLVersionDetector,1,0,0,0,,
"startDocumentParsing(XMLEntityHandler,short)",179844,xerces-2.10.0,org.apache.xerces.impl,XMLVersionDetector,1,0,0,0,,
"invoke(String,Object[],String[])",11003,xmojo-5.0.0,com.adventnet.jmx,DefaultDynamicMBean,1,1,0,0,,
setAttribute(Attribute),11010,xmojo-5.0.0,com.adventnet.jmx,DefaultDynamicMBean,1,0,0,0,,
"createMBean(String,ObjectName,Object[],String[])",11048,xmojo-5.0.0,com.adventnet.jmx,MBeanServerImpl,0,1,0,0,,
